{
  "불평/불만": {
    "thr": 0.4600000000000001,
    "f1": 0.8083
  },
  "환영/호의": {
    "thr": 0.6300000000000001,
    "f1": 0.6471
  },
  "감동/감탄": {
    "thr": 0.6400000000000001,
    "f1": 0.715
  },
  "지긋지긋": {
    "thr": 0.6000000000000002,
    "f1": 0.495
  },
  "고마움": {
    "thr": 0.7900000000000001,
    "f1": 0.6211
  },
  "슬픔": {
    "thr": 0.7300000000000002,
    "f1": 0.5429
  },
  "화남/분노": {
    "thr": 0.6100000000000001,
    "f1": 0.7716
  },
  "존경": {
    "thr": 0.7800000000000001,
    "f1": 0.5816
  },
  "기대감": {
    "thr": 0.5100000000000001,
    "f1": 0.6543
  },
  "우쭐댐/무시함": {
    "thr": 0.6000000000000002,
    "f1": 0.4808
  },
  "안타까움/실망": {
    "thr": 0.38000000000000006,
    "f1": 0.7543
  },
  "비장함": {
    "thr": 0.7700000000000002,
    "f1": 0.5175
  },
  "의심/불신": {
    "thr": 0.4800000000000001,
    "f1": 0.6537
  },
  "뿌듯함": {
    "thr": 0.7200000000000002,
    "f1": 0.5222
  },
  "편안/쾌적": {
    "thr": 0.7200000000000002,
    "f1": 0.518
  },
  "신기함/관심": {
    "thr": 0.5500000000000002,
    "f1": 0.6262
  },
  "아껴주는": {
    "thr": 0.6800000000000002,
    "f1": 0.6084
  },
  "부끄러움": {
    "thr": 0.7300000000000002,
    "f1": 0.2251
  },
  "공포/무서움": {
    "thr": 0.8100000000000002,
    "f1": 0.3678
  },
  "절망": {
    "thr": 0.7700000000000002,
    "f1": 0.3935
  },
  "한심함": {
    "thr": 0.5000000000000001,
    "f1": 0.676
  },
  "역겨움/징그러움": {
    "thr": 0.7900000000000001,
    "f1": 0.4831
  },
  "짜증": {
    "thr": 0.5400000000000001,
    "f1": 0.7819
  },
  "어이없음": {
    "thr": 0.42000000000000004,
    "f1": 0.7496
  },
  "없음": {
    "thr": 0.6200000000000001,
    "f1": 0.5375
  },
  "패배/자기혐오": {
    "thr": 0.8600000000000002,
    "f1": 0.3051
  },
  "귀찮음": {
    "thr": 0.6900000000000002,
    "f1": 0.3196
  },
  "힘듦/지침": {
    "thr": 0.7000000000000002,
    "f1": 0.4394
  },
  "즐거움/신남": {
    "thr": 0.7000000000000002,
    "f1": 0.7471
  },
  "깨달음": {
    "thr": 0.5800000000000002,
    "f1": 0.5157
  },
  "죄책감": {
    "thr": 0.8500000000000002,
    "f1": 0.2447
  },
  "증오/혐오": {
    "thr": 0.7000000000000002,
    "f1": 0.6898
  },
  "흐뭇함(귀여움/예쁨)": {
    "thr": 0.7600000000000002,
    "f1": 0.6002
  },
  "당황/난처": {
    "thr": 0.5700000000000002,
    "f1": 0.6062
  },
  "경악": {
    "thr": 0.6700000000000002,
    "f1": 0.4703
  },
  "부담/안_내킴": {
    "thr": 0.6600000000000001,
    "f1": 0.376
  },
  "서러움": {
    "thr": 0.7600000000000002,
    "f1": 0.3243
  },
  "재미없음": {
    "thr": 0.7800000000000001,
    "f1": 0.5626
  },
  "불쌍함/연민": {
    "thr": 0.7000000000000002,
    "f1": 0.5088
  },
  "놀람": {
    "thr": 0.6400000000000001,
    "f1": 0.5031
  },
  "행복": {
    "thr": 0.6900000000000002,
    "f1": 0.6483
  },
  "불안/걱정": {
    "thr": 0.5800000000000002,
    "f1": 0.5028
  },
  "기쁨": {
    "thr": 0.6900000000000002,
    "f1": 0.7407
  },
  "안심/신뢰": {
    "thr": 0.6700000000000002,
    "f1": 0.6341
  }
}